Timestamp,is the first scene intense or calm?,is the first scene happy or sad?,is the second scene intense or calm?,is the second scene happy or sad?,is the third scene intense or calm?,is the third scene happy or sad?,is the fourth scene intense or calm?,is the fourth scene happy or sad?,is the fifth scene intense or calm?,is the fifth scene happy or sad?,is the sixth scene intense or calm?,is the sixth scene happy or sad?,is the seventh scene intense or calm?,is the seventh scene happy or sad?,is the eighth scene intense or calm?,is the eighth scene happy or sad?,is the ninth scene intense or calm?,is the ninth scene happy or sad?,is the tenth scene intense or calm?,is the tenth scene happy or sad?,is the eleventh scene intense or calm?,is the eleventh scene happy or sad?,is the twelfth scene intense or calm?,is the twelfth scene happy or sad?,is the thirteenth scene intense or calm?,is the thirteenth scene happy or sad?,is the fourteenth scene intense or calm?,is the fourteenth scene happy or sad?,is the fifteenth scene intense or calm?,is the fifteenth scene happy or sad?,is the sixteenth scene intense or calm?,is the sixteenth scene happy or sad?,is the seventeenth scene intense or calm?,is the seventeenth scene happy or sad?,is the eighteenth scene intense or calm?,is the eighteenth scene happy or sad?,is the nineteenth scene intense or calm?,is the nineteenth scene happy or sad?
3/2/2026 8:25:16,6,9,8,8,8,1,7,5,5,5,6,3,4,3,6,6,6,6,6,3,5,5,5,5,1,5,5,4,6,7,2,5,3,2,6,7,5,4
3/2/2026 13:53:21,6,6,6,8,8,4,3,7,2,7,8,4,8,2,1,9,4,2,7,5,1,9,1,9,2,8,8,5,1,9,9,2,1,2,9,5,9,2
3/2/2026 14:20:40,5,10,10,10,10,2,2,10,0,5,10,8,10,0,6,5,2,3,8,4,0,3,9,8,8,7,10,4,9,4,9,2,0,0,9,2,7,7
3/2/2026 15:11:31,5,9,8,10,10,4,2,6,1,1,7,3,0,0,1,9,8,2,6,5,0,0,7,1,7,9,10,6,9,3,1,5,0,8,8,8,10,10
3/2/2026 15:23:23,1,8,3,9,7,3,3,5,2,3,8,3,2,1,2,8,2,6,5,5,1,4,4,2,5,6,9,5,8,4,7,5,3,9,6,8,6,7
3/2/2026 15:30:13,2,4,7,9,9,3,7,9,5,5,9,2,8,3,5,5,9,3,5,5,5,5,7,3,5,5,9,3,5,5,9,4,10,5,6,7,5,5
3/2/2026 16:00:21,1,8,2,10,7,8,5,3,1,2,7,4,2,9,6,9,5,5,5,6,1,5,6,4,7,7,9,7,9,5,9,4,1,9,8,8,7,8
3/2/2026 16:27:34,0,7,6,10,10,4,6,5,3,3,8,1,2,0,5,5,2,2,6,4,0,5,6,3,6,4,10,6,9,6,10,5,0,3,8,7,10,2
3/2/2026 18:07:07,5,5,6,10,10,2,7,10,2,5,8,5,0,3,3,9,3,0,6,5,5,5,5,4,5,5,8,5,5,9,10,4,1,2,8,6,6,5
3/2/2026 19:49:53,3,8,6,8,10,4,6,5,5,5,7,8,3,10,4,5,8,8,10,4,4,5,7,5,5,5,10,5,10,8,8,5,3,1,9,7,10,5